"* path","* content","* id","* title","* title_breadcrumb","* title_h1","* title_label","* title_full","* logical_path","* list_flg","* layout","* orderby","* keywords","* description","* category_top_flg","* **delete_flg"
"/index.html",,,"Dashboard",,,,,,"1","top",,,,"1",
"/index2.html",,,"Dashboard 2",,,,,,"1",,,,,"1",
"/pages/calendar.html",,,"calendar",,,,,,"1",,,,,"1",
"alias:/pages/charts/chartjs.html",,"sitemapExcel_auto_id_1","charts",,,,,,"1",,,,,"1",
"/pages/charts/chartjs.html",,"sitemapExcel_auto_id_2","ChartJS",,,,,"sitemapExcel_auto_id_1","1",,,,,"1",
"/pages/charts/flot.html",,,"Flot",,,,,"sitemapExcel_auto_id_1","1",,,,,,
"/pages/charts/inline.html",,,"Inline",,,,,"sitemapExcel_auto_id_1","1",,,,,,
"/pages/charts/morris.html",,,"Morris",,,,,"sitemapExcel_auto_id_1","1",,,,,,
"alias:/pages/examples/404.html",,"sitemapExcel_auto_id_3","Examples",,,,,,"1",,,,,"1",
"/pages/examples/404.html",,"sitemapExcel_auto_id_4","404",,,,,"sitemapExcel_auto_id_3","1",,,,,"1",
"/pages/examples/500.html",,,"500",,,,,"sitemapExcel_auto_id_3","1",,,,,,
"/pages/examples/blank.html",,,"Blank",,,,,"sitemapExcel_auto_id_3","1",,,,,,
"/pages/examples/invoice-print.html",,,"invoice print",,,,,"sitemapExcel_auto_id_3","1",,,,,,
"/pages/examples/invoice.html",,,"invoice",,,,,"sitemapExcel_auto_id_3","1",,,,,,
"/pages/examples/lockscreen.html",,,"lock screen",,,,,"sitemapExcel_auto_id_3","1",,,,,,
"/pages/examples/login.html",,,"login",,,,,"sitemapExcel_auto_id_3","1",,,,,,
"/pages/examples/register.html",,,"register",,,,,"sitemapExcel_auto_id_3","1",,,,,,
"alias:/pages/forms/advanced.html",,"sitemapExcel_auto_id_5","Forms",,,,,,"1",,,,,"1",
"/pages/forms/advanced.html",,"sitemapExcel_auto_id_6","Advanced",,,,,"sitemapExcel_auto_id_5","1",,,,,"1",
"/pages/forms/editors.html",,,"Editors",,,,,"sitemapExcel_auto_id_5","1",,,,,,
"/pages/forms/general.html",,,"General",,,,,"sitemapExcel_auto_id_5","1",,,,,,
"alias:/pages/layout/boxed.html",,"sitemapExcel_auto_id_7","Layout",,,,,,"1",,,,,"1",
"/pages/layout/boxed.html",,"sitemapExcel_auto_id_8","Boxed",,,,,"sitemapExcel_auto_id_7","1",,,,,"1",
"/pages/layout/collapsed-sidebar.html",,,"Collapsed Sidebar",,,,,"sitemapExcel_auto_id_7","1",,,,,,
"/pages/layout/fixed.html",,,"Fixed",,,,,"sitemapExcel_auto_id_7","1",,,,,,
"/pages/layout/top-nav.html",,,"Top Navigation",,,,,"sitemapExcel_auto_id_7","1",,,,,,
"/pages/mailbox.html",,,"Mailbox",,,,,,"1",,,,,"1",
"/pages/mailbox/compose.html",,,"compose",,,,,"/pages/mailbox.html","1",,,,,,
"/pages/mailbox/mailbox.html",,,"mailbox",,,,,"/pages/mailbox.html","1",,,,,,
"/pages/mailbox/read-mail.html",,,"read mail",,,,,"/pages/mailbox.html","1",,,,,,
"alias:/pages/tables/data.html",,"sitemapExcel_auto_id_9","Tables",,,,,,"1",,,,,"1",
"/pages/tables/data.html",,"sitemapExcel_auto_id_10","Data",,,,,"sitemapExcel_auto_id_9","1",,,,,"1",
"/pages/tables/simple.html",,,"Simple",,,,,"sitemapExcel_auto_id_9","1",,,,,,
"alias:/pages/UI/buttons.html",,"sitemapExcel_auto_id_11","UI",,,,,,"1",,,,,"1",
"/pages/UI/buttons.html",,"sitemapExcel_auto_id_12","Buttons",,,,,"sitemapExcel_auto_id_11","1",,,,,"1",
"/pages/UI/general.html",,,"Genela",,,,,"sitemapExcel_auto_id_11","1",,,,,,
"/pages/UI/icons.html",,,"icons",,,,,"sitemapExcel_auto_id_11","1",,,,,,
"/pages/UI/modals.html",,,"Modals",,,,,"sitemapExcel_auto_id_11","1",,,,,,
"/pages/UI/sliders.html",,,"Sliders",,,,,"sitemapExcel_auto_id_11","1",,,,,,
"/pages/UI/timeline.html",,,"Timeline",,,,,"sitemapExcel_auto_id_11","1",,,,,,
"/pages/widgets.html",,,"Widgets",,,,,,"1",,,,,"1",
"/documentation/index.html",,,"Documentation",,,,,,"1",,,,,"1",
"/style_guide/index.html",,,"Style Guide",,,,,,"1",,,,,"1",
"/edit_test/index.html",,,"Edit TEST",,,,,,"1",,,,,"1",
